{"cameraMode":{"drawMode":0,"name":"Shaded","section":"Shading Mode"},"sceneLighting":true,"audioPlay":false,"sceneViewState":{"m_AlwaysRefresh":false,"showFog":true,"showSkybox":true,"showFlares":true,"showImageEffects":true,"showParticleSystems":true,"showVisualEffectGraphs":true,"m_FxEnabled":true},"in2DMode":false,"pivot":{"x":28.06756591796875,"y":7.349358558654785,"z":-16.68137550354004},"rotation":{"x":0.02818448282778263,"y":-0.6448557376861572,"z":0.023804910480976106,"w":0.7634316682815552},"size":3.8965282440185549,"orthographic":false}